taxon,sector,catch_type,reporting_status,uncertainty_score,1950,1951,1952,1953,1954,1955,1956,1957,1958,1959,1960,1961,1962,1963,1964,1965,1966,1967,1968,1969,1970,1971,1972,1973,1974,1975,1976,1977,1978,1979,1980,1981,1982,1983,1984,1985,1986,1987,1988,1989,1990,1991,1992,1993,1994,1995,1996,1997,1998,1999,2000,2001,2002,2003,2004,2005,2006,2007,2008,2009,2010,2011,2012,2013,2014,2015,2016,2017,2018,2019
Thunnus albacares,Industrial,Landings,Reported,3,377.3,433.7,388.6,539.8,544.5,543.6,585.6,665.4,689.1,750.6,880,941.4,977.5,1061,1175.7,1199.3,1321.7,1543,1577.8,1538.6,1776.2,2084.2,2074.3,2224.8,2517.2,2929.4,2523.1,3128.9,2667.7,3117,2912.4,3693.8,3660.3,3859.1,3364.9,3896.4,3600.3,3667,3999.2,4143.2,3933.8,3673.3,3594.9,4269.6,3935.6,3907.4,4301.3,3300.8,4202.1,4265.7,3640.1,3283.9,2791.3,3041.6,257.83,2527.2,2336.3,2303.2,2342.6,1891.6,1705.5,1585,1475.5,1317,1269,1397,1106.9,1090.5,891.4,915.7
Katsuwonus pelamis,Industrial,Landings,Reported,3,2175,2392.6,3066.9,2473.5,2868.8,2753,2654,2580.9,3050.3,2745.9,3185.1,2693.3,2900.5,3032.9,3047,2711.7,2872.5,3018.1,2897.9,3315.1,3331.2,2750.3,2817.6,2973.6,3365.8,3970.7,3312.5,3526.6,3213.1,3256.1,3064,3618.4,3959.3,3610.2,4203.9,3865.6,3839.6,4062,4101.2,4375.9,3789.1,3405,4176.5,3988.3,4229.6,4901,3975.2,4671.5,4796.9,4670,4981.7,4444.3,4418.4,5131.6,5062.8,5406.1,4979.2,5641.6,4902.4,4662.1,4363.7,4759.7,5616.9,4735.5,5197.1,6454.8,5906.4,6446.7,5222.4,4699.7
Penaeidae,Industrial,Landings,Reported,3,338.7,273.3,314.5,324.1,301.2,375.4,382.9,360.6,351.2,364.7,335.7,366.7,378.2,363.4,424.8,361.3,398.4,352,447.4,465.5,470.4,576.6,502.2,440.7,600,459.5,537.5,546.3,489.5,599.1,562.4,583.7,539,644.2,552.8,524,690.8,607.7,643.7,763.3,731.2,716.5,757,668.9,768.2,2822.4,2798.95,2644.6,2032.1,2925.3,2880.5,2826.95,3161.55,3095.75,3142.65,2801.4,2863.35,3382.05,3369.8,3455.2,3532.9,3675.7,3638.95,3748.85,3854.55,4150.3,3771.95,4270.35,4304.65,4209.1
Penaeidae,Industrial,Discards,Unreported,3,900,925,950,975,1000,1025,1050,1075,1100,1125,1150,1175,1200,1225,1250,1275,1300,1325,1350,1375,1400,1435,1470,1505,1540,1575,1610,1645,1680,1715,1750,1785,1820,1855,1890,1925,1960,1995,2030,2065,2100,2082.758621,2065.517241,2048.275862,2031.034483,2013.793103,1996.551724,1979.310345,1962.068966,1944.827586,1927.586207,1910.344828,1893.103448,1875.862069,1858.62069,1841.37931,1824.137931,1806.896552,1789.655172,1772.413793,1755.172414,1737.931034,1720.689655,1703.448276,1686.206897,1668.965517,1651.724138,1634.482759,1617.241379,1600
Lutjanidae,Artisanal,Landings,Reported,2,404.3,436.9,459.1,397.1,439.3,443.8,423,428.7,401.9,420.7,410.5,446.3,452.8,458,497.7,480.7,465,469.9,459.3,500,504.3,590,591.7,595,630.6,489.3,574.8,584.7,577.3,665.4,694.6,619.3,609.4,534,539.5,630.3,598.4,546700,608.1,638.5,675.3,627.4,625.6,646,661.2,600.2,711.2,800.7,724.4,610.6,697.7,607.3,610.3,752.2,725.2,689,622.2,671,759.9,759.6,808.7,873.2,759.8,818.7,787.8,773.2,796.9,886.4,763.6,917.4
Lutjanidae,Artisanal,Landings,Unreported,2,600,603.333333,606.666667,610,613.333333,616.666667,620,623.333333,626.666667,630,633.333333,636.666667,640,643.333333,646.666667,650,662.5,675,687.5,700,712.5,725,737.5,750,762.5,775,787.5,800,812.5,825,837.5,850,862.5,875,887.5,900,913.333333,926.666667,940,953.333333,966.666667,980,993.333333,1006.666667,1020,1033.333333,1046.666667,1060,1073.333333,1086.666667,1100,1094.736842,1089.473684,1084.210526,1078.947368,1073.684211,1068.421053,1063.157895,1057.894737,1052.631579,1047.368421,1042.105263,1036.842105,1031.578947,1026.315789,1021.052632,1015.789474,1010.526316,1005.263158,1000
Caranx,Artisanal,Landings,Reported,2,281.4,254.5,262.9,233.6,320.6,291.4,277.3,279,292.2,271.6,297.1,273.8,311.5,287.8,331.3,310.1,1623.5,408.8,349.3,339.6,338.7,315.2,379.3,401.3,360.2,416,365.9,325.3,361.1,354.9,383.6,418.5,375.1,407.5,423,398.5,398.9,438.5,474,427.6,429,457.2,480.4,456.2,470.9,482,457,498.8,491.1,591.8,507.8,557.3,562.2,506.2,508.5,550.5,610.6,561.5,566.2,480.3,595.7,640,656.6,665.7,636,650.9,719.1,675.6,576.6,763.6
Siganus,Artisanal,Landings,Reported,2,165.1,205,214.5,203.2,209.6,230.8,185.8,211.3,215.3,199.5,258.2,214.1,215.8,238.5,258.6,231.6,236.3,263.3,230.2,247.4,251.1,264.6,276.3,330.5,312.8,297.3,297.4,331.3,326.1,0,366.3,308.7,285.1,347.7,357.6,370.9,352.5,370.3,402.5,412.4,445.6,343.7,365.4,478.1,455.6,471.7,441.5,443.6,477.7,444.9,432.9,456.7,514,546.7,604.9,557.1,572.9,644.2,539.6,542.5,572.4,605,731.3,617.1,718.8,636,700.8,725.9,731.9,759.8
Scaridae,Artisanal,Landings,Unreported,2,300,307.333333,314.666667,322,329.333333,336.666667,344,351.333333,358.666667,366,373.333333,380.666667,388,395.333333,402.666667,410,417.333333,424.666667,432,439.333333,446.666667,454,461.333333,468.666667,476,483.333333,490.666667,498,505.333333,512.666667,520,524.615385,529.230769,533.846154,538.461538,543.076923,547.692308,552.307692,556.923077,561.538462,566.153846,570.769231,575.384615,580,584.615385,589.230769,593.846154,598.461538,603.076923,607.692308,612.307692,616.923077,621.538462,626.153846,630.769231,635.384615,640,644.615385,649.230769,653.846154,658.461538,663.076923,667.692308,672.307692,676.923077,681.538462,686.153846,690.769231,695.384615,700
Marine fishes not identified,Subsistence,Landings,Unreported,1,480,485.767032,491.585207,497.454482,503.374793,509.346058,515.368174,521.44102,527.564451,533.738301,539.962382,546.236481,552.560364,558.933767,565.356404,571.82796,578.348095,584.916437,591.532587,598.196115,604.906559,611.663425,618.466186,625.314279,632.207108,639.144038,646.124398,653.147477,660.212523,667.318744,674.465306,681.651329,688.875889,696.138016,703.436691,710.770845,718.139361,725.541065,732.974735,740.439087,747.932786,755.454435,763.002576,770.57569,778.172196,785.790444,793.428718,801.085232,808.758129,816.445479,824.145274,831.855432,839.573788,847.298097,855.026029,862.755167,870.483006,878.206948,885.924303,893.632283,901.328002,909.008471,916.670599,924.311184,924.311184,924.311184,924.311184,924.311184,924.311184,924.311184
Octopodidae,Subsistence,Landings,Unreported,1,48,48.753775,49.519097,50.296136,51.085066,51.886062,52.699302,53.524967,54.36324,55.214307,56.078355,56.955576,57.846163,58.750312,59.668222,60.600095,61.546134,62.506548,63.481546,64.471341,65.476149,66.49619,67.531684,68.582856,69.649936,70.733152,71.832741,72.948939,74.081987,75.232128,76.39961,77.584683,78.787602,80.008623,81.248007,82.506018,83.782925,85.078999,86.394514,87.72975,89.084988,90.460515,91.856621,93.273599,94.711748,96.171368,97.652765,99.15625,100.682134,102.230737,103.802381,105.39739,107.016096,108.658832,110.325939,112.017759,113.734641,115.476936,117.245001,119.039197,120.859891,122.707453,124.582259,126.484688,128.415126,130.373963,132.361593,134.378416,136.424836,138.501264
Mugilidae,Recreational,Landings,Unreported,1,20,21.6,23.2,24.8,26.4,28,29.6,31.2,32.8,34.4,36,37.6,39.2,40.8,42.4,44,45.6,47.2,48.8,50.4,52,53.6,55.2,56.8,58.4,60,61.818182,63.636364,65.454545,67.272727,69.090909,70.909091,72.727273,74.545455,76.363636,78.181818,80,81.818182,83.636364,85.454545,87.272727,89.090909,90.909091,92.727273,94.545455,96.363636,98.181818,100,101.818182,103.636364,105.454545,107.272727,109.090909,110.909091,112.727273,114.545455,116.363636,118.181818,120,121.818182,123.636364,125.454545,127.272727,129.090909,130.909091,132.727273,134.545455,136.363636,138.181818,140
